"Time","Message","Severity"
"28/03/2018 12:10","UseLinkTime=1 a ete supprimee du fichier \\mut-prd-nav90\d$\data\WWW\WEBSITE\ILEDEFRANCE\NAVITIA\CGI-SHL\Navitia_IDF.ini.FullName ","Information"
"28/03/2018 12:10","UseLinkTime=1 a ete supprimee du fichier \\mut-prd-nav90\d$\data\WWW\WEBSITE\ILEDEFRANCE\NAVITIA1\CGI-SHL\Navitia_IDF.ini.FullName ","Information"
"28/03/2018 12:10","UseLinkTime=1 a ete supprimee du fichier \\mut-prd-nav90\d$\data\WWW\WEBSITE\ILEDEFRANCE\NAVITIA2\CGI-SHL\Navitia_IDF.ini.FullName ","Information"
"28/03/2018 12:10","UseLinkTime=1 a ete supprimee du fichier \\mut-prd-nav90\d$\data\WWW\WEBSITE\ILEDEFRANCE\NAVITIA3\CGI-SHL\Navitia_IDF.ini.FullName ","Information"
"28/03/2018 12:10","UseLinkTime=1 a ete supprimee du fichier \\mut-prd-nav90\d$\data\WWW\WEBSITE\ILEDEFRANCE\NAVITIA4\CGI-SHL\Navitia_IDF.ini.FullName ","Information"
"28/03/2018 12:10","UseLinkTime=1 a ete supprimee du fichier \\mut-prd-nav90\d$\data\WWW\WEBSITE\ILEDEFRANCE\NAVITIA5\CGI-SHL\Navitia_IDF.ini.FullName ","Information"
"28/03/2018 12:10","UseLinkTime=1 a ete supprimee du fichier \\mut-prd-nav90\d$\data\WWW\WEBSITE\ILEDEFRANCE\NAVITIA6\CGI-SHL\Navitia_IDF.ini.FullName ","Information"
"28/03/2018 12:10","UseLinkTime=1 a ete supprimee du fichier \\mut-prd-nav90\d$\data\WWW\WEBSITE\ILEDEFRANCE\NAVITIA7\CGI-SHL\Navitia_IDF.ini.FullName ","Information"
"28/03/2018 12:10","UseLinkTime=1 a ete supprimee du fichier \\mut-prd-nav90\d$\data\WWW\WEBSITE\ILEDEFRANCE\NAVITIA8\CGI-SHL\Navitia_IDF.ini.FullName ","Information"
"28/03/2018 12:10","UseLinkTime=1 a ete supprimee du fichier \\mut-prd-nav90\d$\data\WWW\WEBSITE\ILEDEFRANCE\NAVITIA9\CGI-SHL\Navitia_IDF.ini.FullName ","Information"
"28/03/2018 12:10","UseLinkTime=1 a ete supprimee du fichier \\mut-prd-nav90\d$\data\WWW\WEBSITE\NATIONAL3\NAVITIA\CGI-SHL\navitia.ini.FullName ","Information"
"28/03/2018 12:10","UseLinkTime=1 a ete supprimee du fichier \\mut-prd-nav90\d$\data\WWW\WEBSITE\NATIONAL3\NAVITIA1\CGI-SHL\navitia.ini.FullName ","Information"
"28/03/2018 12:10","UseLinkTime=1 a ete supprimee du fichier \\mut-prd-nav90\d$\data\WWW\WEBSITE\NATIONAL3\NAVITIA2\CGI-SHL\navitia.ini.FullName ","Information"
"28/03/2018 12:10","UseLinkTime=1 a ete supprimee du fichier \\mut-prd-nav90\d$\data\WWW\WEBSITE\NATIONAL3\NAVITIA3\CGI-SHL\navitia.ini.FullName ","Information"
"28/03/2018 12:11","UseLinkTime=1 a ete ajoutee dans \\mut-prd-nav90\d$\data\WWW\WEBSITE\ILEDEFRANCE\NAVITIA\CGI-SHL\Navitia_IDF.ini.FullName ","Information"
"28/03/2018 12:11","UseLinkTime=1 a ete ajoutee dans \\mut-prd-nav90\d$\data\WWW\WEBSITE\ILEDEFRANCE\NAVITIA1\CGI-SHL\Navitia_IDF.ini.FullName ","Information"
"28/03/2018 12:11","UseLinkTime=1 a ete ajoutee dans \\mut-prd-nav90\d$\data\WWW\WEBSITE\ILEDEFRANCE\NAVITIA2\CGI-SHL\Navitia_IDF.ini.FullName ","Information"
"28/03/2018 12:11","UseLinkTime=1 a ete ajoutee dans \\mut-prd-nav90\d$\data\WWW\WEBSITE\ILEDEFRANCE\NAVITIA3\CGI-SHL\Navitia_IDF.ini.FullName ","Information"
"28/03/2018 12:11","UseLinkTime=1 a ete ajoutee dans \\mut-prd-nav90\d$\data\WWW\WEBSITE\ILEDEFRANCE\NAVITIA4\CGI-SHL\Navitia_IDF.ini.FullName ","Information"
"28/03/2018 12:11","UseLinkTime=1 a ete ajoutee dans \\mut-prd-nav90\d$\data\WWW\WEBSITE\ILEDEFRANCE\NAVITIA5\CGI-SHL\Navitia_IDF.ini.FullName ","Information"
"28/03/2018 12:11","UseLinkTime=1 a ete ajoutee dans \\mut-prd-nav90\d$\data\WWW\WEBSITE\ILEDEFRANCE\NAVITIA6\CGI-SHL\Navitia_IDF.ini.FullName ","Information"
"28/03/2018 12:11","UseLinkTime=1 a ete ajoutee dans \\mut-prd-nav90\d$\data\WWW\WEBSITE\ILEDEFRANCE\NAVITIA7\CGI-SHL\Navitia_IDF.ini.FullName ","Information"
"28/03/2018 12:11","UseLinkTime=1 a ete ajoutee dans \\mut-prd-nav90\d$\data\WWW\WEBSITE\ILEDEFRANCE\NAVITIA8\CGI-SHL\Navitia_IDF.ini.FullName ","Information"
"28/03/2018 12:11","UseLinkTime=1 a ete ajoutee dans \\mut-prd-nav90\d$\data\WWW\WEBSITE\ILEDEFRANCE\NAVITIA9\CGI-SHL\Navitia_IDF.ini.FullName ","Information"
"28/03/2018 12:11","UseLinkTime=1 a ete ajoutee dans \\mut-prd-nav90\d$\data\WWW\WEBSITE\NATIONAL3\NAVITIA\CGI-SHL\navitia.ini.FullName ","Information"
"28/03/2018 12:11","UseLinkTime=1 a ete ajoutee dans \\mut-prd-nav90\d$\data\WWW\WEBSITE\NATIONAL3\NAVITIA1\CGI-SHL\navitia.ini.FullName ","Information"
"28/03/2018 12:11","UseLinkTime=1 a ete ajoutee dans \\mut-prd-nav90\d$\data\WWW\WEBSITE\NATIONAL3\NAVITIA2\CGI-SHL\navitia.ini.FullName ","Information"
"28/03/2018 12:11","UseLinkTime=1 a ete ajoutee dans \\mut-prd-nav90\d$\data\WWW\WEBSITE\NATIONAL3\NAVITIA3\CGI-SHL\navitia.ini.FullName ","Information"
"28/03/2018 12:11","UseLinkTime=1 a ete supprimee du fichier \\mut-prd-nav90\d$\data\WWW\WEBSITE\ILEDEFRANCE\NAVITIA\CGI-SHL\Navitia_IDF.ini.FullName ","Information"
"28/03/2018 12:11","UseLinkTime=1 a ete supprimee du fichier \\mut-prd-nav90\d$\data\WWW\WEBSITE\ILEDEFRANCE\NAVITIA1\CGI-SHL\Navitia_IDF.ini.FullName ","Information"
"28/03/2018 12:11","UseLinkTime=1 a ete supprimee du fichier \\mut-prd-nav90\d$\data\WWW\WEBSITE\ILEDEFRANCE\NAVITIA2\CGI-SHL\Navitia_IDF.ini.FullName ","Information"
"28/03/2018 12:11","UseLinkTime=1 a ete supprimee du fichier \\mut-prd-nav90\d$\data\WWW\WEBSITE\ILEDEFRANCE\NAVITIA3\CGI-SHL\Navitia_IDF.ini.FullName ","Information"
"28/03/2018 12:11","UseLinkTime=1 a ete supprimee du fichier \\mut-prd-nav90\d$\data\WWW\WEBSITE\ILEDEFRANCE\NAVITIA4\CGI-SHL\Navitia_IDF.ini.FullName ","Information"
"28/03/2018 12:11","UseLinkTime=1 a ete supprimee du fichier \\mut-prd-nav90\d$\data\WWW\WEBSITE\ILEDEFRANCE\NAVITIA5\CGI-SHL\Navitia_IDF.ini.FullName ","Information"
"28/03/2018 12:11","UseLinkTime=1 a ete supprimee du fichier \\mut-prd-nav90\d$\data\WWW\WEBSITE\ILEDEFRANCE\NAVITIA6\CGI-SHL\Navitia_IDF.ini.FullName ","Information"
"28/03/2018 12:11","UseLinkTime=1 a ete supprimee du fichier \\mut-prd-nav90\d$\data\WWW\WEBSITE\ILEDEFRANCE\NAVITIA7\CGI-SHL\Navitia_IDF.ini.FullName ","Information"
"28/03/2018 12:11","UseLinkTime=1 a ete supprimee du fichier \\mut-prd-nav90\d$\data\WWW\WEBSITE\ILEDEFRANCE\NAVITIA8\CGI-SHL\Navitia_IDF.ini.FullName ","Information"
"28/03/2018 12:11","UseLinkTime=1 a ete supprimee du fichier \\mut-prd-nav90\d$\data\WWW\WEBSITE\ILEDEFRANCE\NAVITIA9\CGI-SHL\Navitia_IDF.ini.FullName ","Information"
"28/03/2018 12:11","UseLinkTime=1 a ete supprimee du fichier \\mut-prd-nav90\d$\data\WWW\WEBSITE\NATIONAL3\NAVITIA\CGI-SHL\navitia.ini.FullName ","Information"
"28/03/2018 12:11","UseLinkTime=1 a ete supprimee du fichier \\mut-prd-nav90\d$\data\WWW\WEBSITE\NATIONAL3\NAVITIA1\CGI-SHL\navitia.ini.FullName ","Information"
"28/03/2018 12:11","UseLinkTime=1 a ete supprimee du fichier \\mut-prd-nav90\d$\data\WWW\WEBSITE\NATIONAL3\NAVITIA2\CGI-SHL\navitia.ini.FullName ","Information"
"28/03/2018 12:11","UseLinkTime=1 a ete supprimee du fichier \\mut-prd-nav90\d$\data\WWW\WEBSITE\NATIONAL3\NAVITIA3\CGI-SHL\navitia.ini.FullName ","Information"
"28/03/2018 12:12","UseLinkTime=1 a ete ajoutee dans \\mut-prd-nav90\d$\data\WWW\WEBSITE\ILEDEFRANCE\NAVITIA\CGI-SHL\Navitia_IDF.ini.FullName ","Information"
"28/03/2018 12:12","UseLinkTime=1 a ete ajoutee dans \\mut-prd-nav90\d$\data\WWW\WEBSITE\ILEDEFRANCE\NAVITIA1\CGI-SHL\Navitia_IDF.ini.FullName ","Information"
"28/03/2018 12:12","UseLinkTime=1 a ete ajoutee dans \\mut-prd-nav90\d$\data\WWW\WEBSITE\ILEDEFRANCE\NAVITIA2\CGI-SHL\Navitia_IDF.ini.FullName ","Information"
"28/03/2018 12:12","UseLinkTime=1 a ete ajoutee dans \\mut-prd-nav90\d$\data\WWW\WEBSITE\ILEDEFRANCE\NAVITIA3\CGI-SHL\Navitia_IDF.ini.FullName ","Information"
"28/03/2018 12:12","UseLinkTime=1 a ete ajoutee dans \\mut-prd-nav90\d$\data\WWW\WEBSITE\ILEDEFRANCE\NAVITIA4\CGI-SHL\Navitia_IDF.ini.FullName ","Information"
"28/03/2018 12:12","UseLinkTime=1 a ete ajoutee dans \\mut-prd-nav90\d$\data\WWW\WEBSITE\ILEDEFRANCE\NAVITIA5\CGI-SHL\Navitia_IDF.ini.FullName ","Information"
"28/03/2018 12:12","UseLinkTime=1 a ete ajoutee dans \\mut-prd-nav90\d$\data\WWW\WEBSITE\ILEDEFRANCE\NAVITIA6\CGI-SHL\Navitia_IDF.ini.FullName ","Information"
"28/03/2018 12:12","UseLinkTime=1 a ete ajoutee dans \\mut-prd-nav90\d$\data\WWW\WEBSITE\ILEDEFRANCE\NAVITIA7\CGI-SHL\Navitia_IDF.ini.FullName ","Information"
"28/03/2018 12:12","UseLinkTime=1 a ete ajoutee dans \\mut-prd-nav90\d$\data\WWW\WEBSITE\ILEDEFRANCE\NAVITIA8\CGI-SHL\Navitia_IDF.ini.FullName ","Information"
"28/03/2018 12:12","UseLinkTime=1 a ete ajoutee dans \\mut-prd-nav90\d$\data\WWW\WEBSITE\ILEDEFRANCE\NAVITIA9\CGI-SHL\Navitia_IDF.ini.FullName ","Information"
"28/03/2018 12:12","UseLinkTime=1 a ete ajoutee dans \\mut-prd-nav90\d$\data\WWW\WEBSITE\NATIONAL3\NAVITIA\CGI-SHL\navitia.ini.FullName ","Information"
"28/03/2018 12:12","UseLinkTime=1 a ete ajoutee dans \\mut-prd-nav90\d$\data\WWW\WEBSITE\NATIONAL3\NAVITIA1\CGI-SHL\navitia.ini.FullName ","Information"
"28/03/2018 12:12","UseLinkTime=1 a ete ajoutee dans \\mut-prd-nav90\d$\data\WWW\WEBSITE\NATIONAL3\NAVITIA2\CGI-SHL\navitia.ini.FullName ","Information"
"28/03/2018 12:12","UseLinkTime=1 a ete ajoutee dans \\mut-prd-nav90\d$\data\WWW\WEBSITE\NATIONAL3\NAVITIA3\CGI-SHL\navitia.ini.FullName ","Information"
"28/03/2018 12:12","UseLinkTime=1 a ete supprimee du fichier \\mut-prd-nav90\d$\data\WWW\WEBSITE\ILEDEFRANCE\NAVITIA\CGI-SHL\Navitia_IDF.ini.FullName ","Information"
"28/03/2018 12:12","UseLinkTime=1 a ete supprimee du fichier \\mut-prd-nav90\d$\data\WWW\WEBSITE\ILEDEFRANCE\NAVITIA1\CGI-SHL\Navitia_IDF.ini.FullName ","Information"
"28/03/2018 12:12","UseLinkTime=1 a ete supprimee du fichier \\mut-prd-nav90\d$\data\WWW\WEBSITE\ILEDEFRANCE\NAVITIA2\CGI-SHL\Navitia_IDF.ini.FullName ","Information"
"28/03/2018 12:12","UseLinkTime=1 a ete supprimee du fichier \\mut-prd-nav90\d$\data\WWW\WEBSITE\ILEDEFRANCE\NAVITIA3\CGI-SHL\Navitia_IDF.ini.FullName ","Information"
"28/03/2018 12:12","UseLinkTime=1 a ete supprimee du fichier \\mut-prd-nav90\d$\data\WWW\WEBSITE\ILEDEFRANCE\NAVITIA4\CGI-SHL\Navitia_IDF.ini.FullName ","Information"
"28/03/2018 12:12","UseLinkTime=1 a ete supprimee du fichier \\mut-prd-nav90\d$\data\WWW\WEBSITE\ILEDEFRANCE\NAVITIA5\CGI-SHL\Navitia_IDF.ini.FullName ","Information"
"28/03/2018 12:12","UseLinkTime=1 a ete supprimee du fichier \\mut-prd-nav90\d$\data\WWW\WEBSITE\ILEDEFRANCE\NAVITIA6\CGI-SHL\Navitia_IDF.ini.FullName ","Information"
"28/03/2018 12:12","UseLinkTime=1 a ete supprimee du fichier \\mut-prd-nav90\d$\data\WWW\WEBSITE\ILEDEFRANCE\NAVITIA7\CGI-SHL\Navitia_IDF.ini.FullName ","Information"
"28/03/2018 12:12","UseLinkTime=1 a ete supprimee du fichier \\mut-prd-nav90\d$\data\WWW\WEBSITE\ILEDEFRANCE\NAVITIA8\CGI-SHL\Navitia_IDF.ini.FullName ","Information"
"28/03/2018 12:12","UseLinkTime=1 a ete supprimee du fichier \\mut-prd-nav90\d$\data\WWW\WEBSITE\ILEDEFRANCE\NAVITIA9\CGI-SHL\Navitia_IDF.ini.FullName ","Information"
"28/03/2018 12:12","UseLinkTime=1 a ete supprimee du fichier \\mut-prd-nav90\d$\data\WWW\WEBSITE\NATIONAL3\NAVITIA\CGI-SHL\navitia.ini.FullName ","Information"
"28/03/2018 12:12","UseLinkTime=1 a ete supprimee du fichier \\mut-prd-nav90\d$\data\WWW\WEBSITE\NATIONAL3\NAVITIA1\CGI-SHL\navitia.ini.FullName ","Information"
"28/03/2018 12:12","UseLinkTime=1 a ete supprimee du fichier \\mut-prd-nav90\d$\data\WWW\WEBSITE\NATIONAL3\NAVITIA2\CGI-SHL\navitia.ini.FullName ","Information"
"28/03/2018 12:12","UseLinkTime=1 a ete supprimee du fichier \\mut-prd-nav90\d$\data\WWW\WEBSITE\NATIONAL3\NAVITIA3\CGI-SHL\navitia.ini.FullName ","Information"
"28/03/2018 14:09","UseLinkTime=1 a ete ajoutee dans \\mut-prd-nav90\d$\data\WWW\WEBSITE\ILEDEFRANCE\NAVITIA\CGI-SHL\Navitia_IDF.ini.FullName ","Information"
"28/03/2018 14:09","UseLinkTime=1 a ete ajoutee dans \\mut-prd-nav90\d$\data\WWW\WEBSITE\ILEDEFRANCE\NAVITIA1\CGI-SHL\Navitia_IDF.ini.FullName ","Information"
"28/03/2018 14:09","UseLinkTime=1 a ete ajoutee dans \\mut-prd-nav90\d$\data\WWW\WEBSITE\ILEDEFRANCE\NAVITIA2\CGI-SHL\Navitia_IDF.ini.FullName ","Information"
"28/03/2018 14:09","UseLinkTime=1 a ete ajoutee dans \\mut-prd-nav90\d$\data\WWW\WEBSITE\ILEDEFRANCE\NAVITIA3\CGI-SHL\Navitia_IDF.ini.FullName ","Information"
"28/03/2018 14:09","UseLinkTime=1 a ete ajoutee dans \\mut-prd-nav90\d$\data\WWW\WEBSITE\ILEDEFRANCE\NAVITIA4\CGI-SHL\Navitia_IDF.ini.FullName ","Information"
"28/03/2018 14:09","UseLinkTime=1 a ete ajoutee dans \\mut-prd-nav90\d$\data\WWW\WEBSITE\ILEDEFRANCE\NAVITIA5\CGI-SHL\Navitia_IDF.ini.FullName ","Information"
"28/03/2018 14:09","UseLinkTime=1 a ete ajoutee dans \\mut-prd-nav90\d$\data\WWW\WEBSITE\ILEDEFRANCE\NAVITIA6\CGI-SHL\Navitia_IDF.ini.FullName ","Information"
"28/03/2018 14:09","UseLinkTime=1 a ete ajoutee dans \\mut-prd-nav90\d$\data\WWW\WEBSITE\ILEDEFRANCE\NAVITIA7\CGI-SHL\Navitia_IDF.ini.FullName ","Information"
"28/03/2018 14:09","UseLinkTime=1 a ete ajoutee dans \\mut-prd-nav90\d$\data\WWW\WEBSITE\ILEDEFRANCE\NAVITIA8\CGI-SHL\Navitia_IDF.ini.FullName ","Information"
"28/03/2018 14:09","UseLinkTime=1 a ete ajoutee dans \\mut-prd-nav90\d$\data\WWW\WEBSITE\ILEDEFRANCE\NAVITIA9\CGI-SHL\Navitia_IDF.ini.FullName ","Information"
"28/03/2018 14:09","UseLinkTime=1 a ete ajoutee dans \\mut-prd-nav90\d$\data\WWW\WEBSITE\NATIONAL3\NAVITIA\CGI-SHL\navitia.ini.FullName ","Information"
"28/03/2018 14:09","UseLinkTime=1 a ete ajoutee dans \\mut-prd-nav90\d$\data\WWW\WEBSITE\NATIONAL3\NAVITIA1\CGI-SHL\navitia.ini.FullName ","Information"
"28/03/2018 14:09","UseLinkTime=1 a ete ajoutee dans \\mut-prd-nav90\d$\data\WWW\WEBSITE\NATIONAL3\NAVITIA2\CGI-SHL\navitia.ini.FullName ","Information"
"28/03/2018 14:09","UseLinkTime=1 a ete ajoutee dans \\mut-prd-nav90\d$\data\WWW\WEBSITE\NATIONAL3\NAVITIA3\CGI-SHL\navitia.ini.FullName ","Information"
"28/03/2018 14:10","UseLinkTime=1 a ete modifie par UseLinkTime=0 dans le fichier \\mut-prd-nav90\d$\data\WWW\WEBSITE\ILEDEFRANCE\NAVITIA\CGI-SHL\Navitia_IDF.ini.FullName ","Information"
"28/03/2018 14:10","UseLinkTime=1 a ete modifie par UseLinkTime=0 dans le fichier \\mut-prd-nav90\d$\data\WWW\WEBSITE\ILEDEFRANCE\NAVITIA1\CGI-SHL\Navitia_IDF.ini.FullName ","Information"
"28/03/2018 14:10","UseLinkTime=1 a ete modifie par UseLinkTime=0 dans le fichier \\mut-prd-nav90\d$\data\WWW\WEBSITE\ILEDEFRANCE\NAVITIA2\CGI-SHL\Navitia_IDF.ini.FullName ","Information"
"28/03/2018 14:10","UseLinkTime=1 a ete modifie par UseLinkTime=0 dans le fichier \\mut-prd-nav90\d$\data\WWW\WEBSITE\ILEDEFRANCE\NAVITIA3\CGI-SHL\Navitia_IDF.ini.FullName ","Information"
"28/03/2018 14:10","UseLinkTime=1 a ete modifie par UseLinkTime=0 dans le fichier \\mut-prd-nav90\d$\data\WWW\WEBSITE\ILEDEFRANCE\NAVITIA4\CGI-SHL\Navitia_IDF.ini.FullName ","Information"
"28/03/2018 14:10","UseLinkTime=1 a ete modifie par UseLinkTime=0 dans le fichier \\mut-prd-nav90\d$\data\WWW\WEBSITE\ILEDEFRANCE\NAVITIA5\CGI-SHL\Navitia_IDF.ini.FullName ","Information"
"28/03/2018 14:10","UseLinkTime=1 a ete modifie par UseLinkTime=0 dans le fichier \\mut-prd-nav90\d$\data\WWW\WEBSITE\ILEDEFRANCE\NAVITIA6\CGI-SHL\Navitia_IDF.ini.FullName ","Information"
"28/03/2018 14:10","UseLinkTime=1 a ete modifie par UseLinkTime=0 dans le fichier \\mut-prd-nav90\d$\data\WWW\WEBSITE\ILEDEFRANCE\NAVITIA7\CGI-SHL\Navitia_IDF.ini.FullName ","Information"
"28/03/2018 14:10","UseLinkTime=1 a ete modifie par UseLinkTime=0 dans le fichier \\mut-prd-nav90\d$\data\WWW\WEBSITE\ILEDEFRANCE\NAVITIA8\CGI-SHL\Navitia_IDF.ini.FullName ","Information"
"28/03/2018 14:10","UseLinkTime=1 a ete modifie par UseLinkTime=0 dans le fichier \\mut-prd-nav90\d$\data\WWW\WEBSITE\ILEDEFRANCE\NAVITIA9\CGI-SHL\Navitia_IDF.ini.FullName ","Information"
"28/03/2018 14:10","UseLinkTime=1 a ete modifie par UseLinkTime=0 dans le fichier \\mut-prd-nav90\d$\data\WWW\WEBSITE\NATIONAL3\NAVITIA\CGI-SHL\navitia.ini.FullName ","Information"
"28/03/2018 14:10","UseLinkTime=1 a ete modifie par UseLinkTime=0 dans le fichier \\mut-prd-nav90\d$\data\WWW\WEBSITE\NATIONAL3\NAVITIA1\CGI-SHL\navitia.ini.FullName ","Information"
"28/03/2018 14:10","UseLinkTime=1 a ete modifie par UseLinkTime=0 dans le fichier \\mut-prd-nav90\d$\data\WWW\WEBSITE\NATIONAL3\NAVITIA2\CGI-SHL\navitia.ini.FullName ","Information"
"28/03/2018 14:10","UseLinkTime=1 a ete modifie par UseLinkTime=0 dans le fichier \\mut-prd-nav90\d$\data\WWW\WEBSITE\NATIONAL3\NAVITIA3\CGI-SHL\navitia.ini.FullName ","Information"
"28/03/2018 14:11","UseLinkTime=0 a ete modifie par UseLinkTime=1 dans le fichier \\mut-prd-nav90\d$\data\WWW\WEBSITE\ILEDEFRANCE\NAVITIA\CGI-SHL\Navitia_IDF.ini.FullName ","Information"
"28/03/2018 14:11","UseLinkTime=0 a ete modifie par UseLinkTime=1 dans le fichier \\mut-prd-nav90\d$\data\WWW\WEBSITE\ILEDEFRANCE\NAVITIA1\CGI-SHL\Navitia_IDF.ini.FullName ","Information"
"28/03/2018 14:11","UseLinkTime=0 a ete modifie par UseLinkTime=1 dans le fichier \\mut-prd-nav90\d$\data\WWW\WEBSITE\ILEDEFRANCE\NAVITIA2\CGI-SHL\Navitia_IDF.ini.FullName ","Information"
"28/03/2018 14:11","UseLinkTime=0 a ete modifie par UseLinkTime=1 dans le fichier \\mut-prd-nav90\d$\data\WWW\WEBSITE\ILEDEFRANCE\NAVITIA3\CGI-SHL\Navitia_IDF.ini.FullName ","Information"
"28/03/2018 14:11","UseLinkTime=0 a ete modifie par UseLinkTime=1 dans le fichier \\mut-prd-nav90\d$\data\WWW\WEBSITE\ILEDEFRANCE\NAVITIA4\CGI-SHL\Navitia_IDF.ini.FullName ","Information"
"28/03/2018 14:11","UseLinkTime=0 a ete modifie par UseLinkTime=1 dans le fichier \\mut-prd-nav90\d$\data\WWW\WEBSITE\ILEDEFRANCE\NAVITIA5\CGI-SHL\Navitia_IDF.ini.FullName ","Information"
"28/03/2018 14:11","UseLinkTime=0 a ete modifie par UseLinkTime=1 dans le fichier \\mut-prd-nav90\d$\data\WWW\WEBSITE\ILEDEFRANCE\NAVITIA6\CGI-SHL\Navitia_IDF.ini.FullName ","Information"
"28/03/2018 14:11","UseLinkTime=0 a ete modifie par UseLinkTime=1 dans le fichier \\mut-prd-nav90\d$\data\WWW\WEBSITE\ILEDEFRANCE\NAVITIA7\CGI-SHL\Navitia_IDF.ini.FullName ","Information"
"28/03/2018 14:11","UseLinkTime=0 a ete modifie par UseLinkTime=1 dans le fichier \\mut-prd-nav90\d$\data\WWW\WEBSITE\ILEDEFRANCE\NAVITIA8\CGI-SHL\Navitia_IDF.ini.FullName ","Information"
"28/03/2018 14:11","UseLinkTime=0 a ete modifie par UseLinkTime=1 dans le fichier \\mut-prd-nav90\d$\data\WWW\WEBSITE\ILEDEFRANCE\NAVITIA9\CGI-SHL\Navitia_IDF.ini.FullName ","Information"
"28/03/2018 14:11","UseLinkTime=0 a ete modifie par UseLinkTime=1 dans le fichier \\mut-prd-nav90\d$\data\WWW\WEBSITE\NATIONAL3\NAVITIA\CGI-SHL\navitia.ini.FullName ","Information"
"28/03/2018 14:11","UseLinkTime=0 a ete modifie par UseLinkTime=1 dans le fichier \\mut-prd-nav90\d$\data\WWW\WEBSITE\NATIONAL3\NAVITIA1\CGI-SHL\navitia.ini.FullName ","Information"
"28/03/2018 14:11","UseLinkTime=0 a ete modifie par UseLinkTime=1 dans le fichier \\mut-prd-nav90\d$\data\WWW\WEBSITE\NATIONAL3\NAVITIA2\CGI-SHL\navitia.ini.FullName ","Information"
"28/03/2018 14:11","UseLinkTime=0 a ete modifie par UseLinkTime=1 dans le fichier \\mut-prd-nav90\d$\data\WWW\WEBSITE\NATIONAL3\NAVITIA3\CGI-SHL\navitia.ini.FullName ","Information"
